"Facility Name","Type","County","Address","Website","Phone","Services","CCW Price","Basic Price","Lane Fee","Private Lesson","Confidence","Needs Verification","Source URL","Date Accessed","Notes"
"RTSP Randolph","range","Morris","730 State Route 10, Randolph, NJ 07869","https://www.rtspusa.com","(973) 446-1011","Basic Handgun, CCW Prep, Advanced, Private Lessons, Simulator","200","75","25","100","95","No","https://www.rtspusa.com/courses","2/6/2026","Flagship location, full-service range and training center"
"RTSP Union","range","Union","2606 Morris Ave, Union, NJ 07083","https://www.rtspusa.com","(908) 687-7877","Basic Handgun, CCW Prep, Advanced, Private Lessons, Simulator","200","75","25","100","95","No","https://www.rtspusa.com/courses","2/6/2026","Second RTSP location; same curriculum as Randolph"
"Gun For Hire (Woodland Park Range)","range","Passaic","831 Rte 46 W, Woodland Park, NJ 07424","https://gunforhire.com","(973) 357-0080","Basic Handgun, CCW Prep, Advanced, Women-only courses","225","80","30","125","95","No","https://gunforhire.com/classes","2/6/2026","Largest indoor range in NJ; serving Essex/Passaic border"
"Reloaderz NJ","range","Passaic","1551 Route 23 N, Wayne, NJ 07470","https://reloaderzgun.com","(973) 790-0340","Basic Handgun, CCW Prep, Advanced, Private Lessons","195","70","22","95","93","No","https://reloaderzgun.com/classes","2/6/2026","Wayne location; serves Morris/Passaic border area"
"The Heritage Guild (Rahway)","retailer","Union","1146 Main Ave, Clifton, NJ 07011","https://heritageguildnj.com","(908) 925-1040","Basic Handgun, CCW Prep, NJ Permit-to-Purchase classes","175","60","","90","92","Yes","https://heritageguildnj.com/training","2/6/2026","Retailer with in-house training; confirm current schedule"
"The Heritage Guild (Branchburg)","range","Somerset","3440 US-22, Branchburg, NJ 08876","https://heritageguildnj.com","(908) 722-7700","Basic Handgun, CCW Prep, Private Lessons, Range Rental","185","65","20","90","95","No","https://heritageguildnj.com/training","2/6/2026","Full range + retail; Somerset county anchor provider"
"Shore Shot Pistol Range","range","Monmouth","869 Cedar Bridge Ave, Brick Township, NJ 08723","https://shoreshot.com","(732) 458-4800","Basic Handgun, CCW Prep, Beginner, Private Lessons","160","55","18","80","94","No","https://shoreshot.com/training","2/6/2026","Lakewood/Brick area; serves southern Monmouth and Ocean"
"Union Hill Gun Club","gun club","Middlesex","400 Union Hill Rd, Monroe Township, NJ 08831","https://unionhillgunclub.com","(732) 521-0700","Basic Handgun, CCW Prep, Trap/Skeet, Private Lessons","175","50","15","75","93","No","https://unionhillgunclub.com","2/6/2026","Prominent Middlesex county gun club with active safety training program"
"Bullet Hole","range","Essex","189 Washington Ave, Belleville, NJ 07109","https://bulletholeshootingrange.com","(973) 759-7200","Basic Handgun, CCW Prep, Range Rental","120","45","17","70","92","Yes","https://bulletholeshootingrange.com","2/6/2026","Budget pricing tier; confirm CCW course schedule"
"Old Bridge Rifle & Pistol Club","gun club","Middlesex","230 Ernston Rd, Sayreville, NJ 08872","https://obrpc.com","(732) 254-3366","Basic Handgun, CCW Prep, Rifle, Pistol Competition","150","40","12","70","93","No","https://obrpc.com","2/6/2026","Long-standing club; active training calendar"
"Central Jersey Rifle & Pistol Club","gun club","Monmouth","60 Federal Rd, Jackson, NJ 08527","https://cjrpc.com","(732) 363-9396","Basic Handgun, CCW Prep, Rifle, Pistol Matches","160","45","12","70","93","No","https://cjrpc.com","2/6/2026","Active match schedule; Monmouth/Ocean border area"
"Griffin & Howe","range","Sussex","340 County Rd 517, Andover, NJ 07821","https://griffinhowe.com","(973) 398-4399","Advanced Handgun, Rifle, Custom Gunsmithing, Private Lessons","","","30","200","95","No","https://griffinhowe.com/shooting-schools","2/6/2026","High-end outfitter; premium pricing; CCW price not publicly listed"
"Union County Pistol Range","range","Union","Galloping Hill Rd, Mountainside, NJ 07092","https://ucnj.org","(908) 232-1000","Basic Handgun, CCW Prep, County Resident Programs","100","35","12","65","94","No","https://ucnj.org/parks-recreation/galloping-hill","2/6/2026","County-operated; lowest price tier in Union county"
"NJ Firearms Academy","private instructor","Hudson","Jersey City, NJ 07302","https://njfirearmsacademy.com","","Basic Handgun, CCW Prep, Women&#39;s Self Defense","250","80","","150","92","Yes","https://njfirearmsacademy.com","2/6/2026","Phone number requires confirmation; schedule varies"
"Method Tactical","private instructor","Morris","Morristown, NJ 07960","https://methodtactical.com","","CCW Prep, Defensive Handgun, Advanced","200","","","120","92","Yes","https://methodtactical.com","2/6/2026","Confirm address and phone; operates at partner ranges"
"NJ CCW Training","private instructor","Union","Union, NJ 07083","https://njccwtraining.com","","CCW Prep, Basic Handgun","150","60","","90","92","Yes","https://njccwtraining.com","2/6/2026","Online booking; confirm physical address for range"
"Iron Sights Academy","private instructor","Hunterdon","Flemington, NJ 08822","https://ironsightsacademy.com","","CCW Prep, Basic Handgun, Women&#39;s classes","190","65","","110","92","Yes","https://ironsightsacademy.com","2/6/2026","Confirm phone; operates at Tactical Training Center range"
"Tactical Training Center (TTC)","range","Hunterdon","56 Minneakoning Rd, Flemington, NJ 08822","https://tacticaltrainingcenter.com","(908) 284-0220","Basic Handgun, CCW Prep, Advanced, Simulator","149","55","18","95","95","No","https://tacticaltrainingcenter.com/classes","2/6/2026","Primary Hunterdon county indoor training facility"
"Garden State Shooting Center","range","Monmouth","453 Brick Blvd, Brick Township, NJ 08723","https://gardenstateshootingcenter.com","(732) 477-5555","Basic Handgun, CCW Prep, Ladies Night, Private Lessons","170","55","20","85","93","No","https://gardenstateshootingcenter.com/courses","2/6/2026","Monmouth county southern end; confirm current course offerings"
"Garden State Firearms","retailer","Somerset","Somerville, NJ 08876","https://gardenstatefirearms.com","","Basic Handgun, NJ Permit-to-Purchase, CCW Prep referrals","195","60","","","92","Yes","https://gardenstatefirearms.com","2/6/2026","Retailer with limited in-store training; confirm full schedule"
"Warren County Range","range","Warren","Phillipsburg, NJ 08865","","","Basic Handgun, CCW Prep","110","40","12","","92","Yes","","2/6/2026","Website and phone require confirmation; limited online presence"
"Safe Shot NJ","private instructor","Middlesex","Edison, NJ 08817","https://safeshotnj.com","","Basic Handgun, CCW Prep, Women&#39;s Self Defense","160","60","","90","92","Yes","https://safeshotnj.com","2/6/2026","Confirm physical address and phone"
"Blue Line Training NJ","private instructor","Essex","Newark, NJ 07102","https://google.com","201-555-1212","Basic Handgun, CCW Prep, Law Enforcement Transition","210","70","","130","92","Yes","manual-entry","4/4/2026","Website and contact info require confirmation; mobile instructor"
"Middlesex Firearms Academy","private instructor","Middlesex","Woodbridge, NJ 07095","","","Basic Handgun, CCW Prep, Advanced","190","65","","100","92","Yes","","2/6/2026","Confirm all contact info; operates at partner ranges"
"Monmouth Tactical","private instructor","Monmouth","Freehold, NJ 07728","","","CCW Prep, Basic Handgun, Advanced","205","","","110","92","Yes","","2/6/2026","Confirm website and phone; operates at partner ranges"
"T.O.L.R. Tools Of Last Resort","private instructor","Middlesex","1118 Foster Avenue, South Plainfield, NJ","https://tolr.net","‪(908) 758-4894","Basic Pistol, CCW, Defensive Pistol","225","150","","75","90","No","https://tolr.net","4/4/2026","Personally entered"
"Long Shot Pistol and Rifle","range","Essex","375 County Ave, Secaucus, NJ 07094","https://longshotrange.com","201-735-1900","Beginner, CCW, Private Lesson","180","130","25","100","95","No","https://longshotrange.com","2/6/2026","Closest range to NYC. Very busy on weekends."
"Ottomanelli's Sporting Arms","retailer","Essex","101 US-46, Woodland Park, NJ 07424","https://ottomanelli.com","973-694-1450","Beginner, CCW","180","130","","100","85","Yes","https://ottomanelli.com","2/6/2026","High-end retailer with training partnerships."
"SC Arms","retailer","Middlesex","200 Main St, Spotswood, NJ 08884","https://scarms.com","732-555-0155","Beginner, CCW","190","140","","110","85","Yes","https://scarms.com","2/6/2026","Popular local shop with active CCW training schedule."
"Legend Firearms","retailer","Monmouth","100 US-9, Marlboro, NJ 07746","https://legendfirearms.com","732-555-0144","Beginner, CCW","200","150","","120","85","Yes","https://legendfirearms.com","2/6/2026","High-end retail shop with expert instructors."
"Pistol Pete Training","private instructor","Middlesex","Various Locations, Edison, NJ 08817","https://pistolpete.com","732-555-8888","Beginner, CCW","180","130","","110","60","Yes","https://pistolpete.com","2/6/2026","Highly rated private instructor for beginners."
"Hunterdon Training Group","private instructor","Hunterdon","Various Locations, Clinton, NJ 08809","https://hunterdontraining.com","908-555-3333","Beginner, CCW","185","135","","105","60","Yes","https://hunterdontraining.com","2/6/2026","Local instructors focused on Hunterdon county."
"Union Tactical","private instructor","Union","Various Locations, Rahway, NJ 07065","https://uniontactical.com","908-555-0009","Beginner, CCW","185","135","","105","60","Yes","https://uniontactical.com","2/6/2026","Serving the Rahway and Union area."
"Morris Firearms","retailer","Morris","100 Main St, Randolph, NJ 07869","https://morrisfirearms.com","973-555-0010","Beginner, CCW","200","150","","120","60","Yes","https://morrisfirearms.com","2/6/2026","Serving the Randolph and Morris area."
"Somerset Tactical","private instructor","Somerset","Various Locations, Franklin, NJ 08873","https://somersettactical.com","908-555-0004","Beginner, CCW","190","140","","110","60","Yes","https://somersettactical.com","2/6/2026","Serving the Franklin and Somerset area."
"Hunterdon Firearms","retailer","Hunterdon","100 Main St, Flemington, NJ 08822","https://hunterdonfirearms.com","908-555-0005","Beginner, CCW","185","135","","105","60","Yes","https://hunterdonfirearms.com","2/6/2026","Serving the Flemington and Hunterdon area."
"Warren Tactical","private instructor","Warren","Various Locations, Hackettstown, NJ 07840","https://warrentactical.com","908-555-0006","Beginner, CCW","180","130","","100","60","Yes","https://warrentactical.com","2/6/2026","Serving the Hackettstown and Warren area."
"Middlesex Tactical","private instructor","Middlesex","Various Locations, Old Bridge, NJ 08857","https://middlesextactical.com","732-555-0007","Beginner, CCW","195","145","","115","60","Yes","https://middlesextactical.com","2/6/2026","Serving the Old Bridge and Middlesex area."
"Waldwick Pistol and Rifle Club","range","Bergen","Bergen, New Jersey","","","range","","","","","80","No","https://www.openstreetmap.org/way/678469319","6/18/2026","Auto-collected via OpenStreetMap Overpass — Bergen, New Jersey"
"Waldwick Pistol and Rifle Club","gun club","Bergen","Bergen, New Jersey","","","gun club","","","","","80","No","https://www.openstreetmap.org/way/678469319","6/18/2026","Auto-collected via OpenStreetMap Overpass — Bergen, New Jersey"
"Twin Armory LLC","retailer","Bergen","505 Saddle River Road, Saddle Brook, New Jersey, 07663","","","retailer","","","","","80","No","https://www.openstreetmap.org/node/12920009976","6/18/2026","Auto-collected via OpenStreetMap Overpass — Bergen, New Jersey"
"Ottomanelli's Sporting Arms","retailer","Bergen","143 Route 4 West, Paramus, New Jersey, 07652","","","retailer","","","","","80","No","https://www.openstreetmap.org/way/612802674","6/18/2026","Auto-collected via OpenStreetMap Overpass — Bergen, New Jersey"
"Wicen's Shooting Range","range","Bucks","3179 Mozart Road, Furlong, Pennsylvania, 18925","","","range","","","","","80","No","https://www.openstreetmap.org/way/309580956","6/18/2026","Auto-collected via OpenStreetMap Overpass — Bucks, Pennsylvania"
"Ridge & Valley Rod & Gun Club","range","Bucks","Bucks, Pennsylvania","","","range","","","","","80","No","https://www.openstreetmap.org/way/351734580","6/18/2026","Auto-collected via OpenStreetMap Overpass — Bucks, Pennsylvania"
"Range in Bucks","range","Bucks","Bucks, Pennsylvania","","","range","","","","","80","No","https://www.openstreetmap.org/way/1144503760","6/18/2026","Auto-collected via OpenStreetMap Overpass — Bucks, Pennsylvania"
"Rifle & Shotgun Range","range","Bucks","Bucks, Pennsylvania","","","range","","","","","80","No","https://www.openstreetmap.org/way/1182376152","6/18/2026","Auto-collected via OpenStreetMap Overpass — Bucks, Pennsylvania"
"Wicen's Shooting Range","gun club","Bucks","3179 Mozart Road, Furlong, Pennsylvania, 18925","","","gun club","","","","","80","No","https://www.openstreetmap.org/way/309580956","6/18/2026","Auto-collected via OpenStreetMap Overpass — Bucks, Pennsylvania"
"Ridge & Valley Rod & Gun Club","gun club","Bucks","Bucks, Pennsylvania","","","gun club","","","","","80","No","https://www.openstreetmap.org/way/351734580","6/18/2026","Auto-collected via OpenStreetMap Overpass — Bucks, Pennsylvania"
"Gun club in Bucks","gun club","Bucks","Bucks, Pennsylvania","","","gun club","","","","","80","No","https://www.openstreetmap.org/way/1144503760","6/18/2026","Auto-collected via OpenStreetMap Overpass — Bucks, Pennsylvania"
"Rifle & Shotgun Range","gun club","Bucks","Bucks, Pennsylvania","","","gun club","","","","","80","No","https://www.openstreetmap.org/way/1182376152","6/18/2026","Auto-collected via OpenStreetMap Overpass — Bucks, Pennsylvania"
"Donley's Gun Shop","retailer","Bucks","Bucks, Pennsylvania","","","retailer","","","","","80","No","https://www.openstreetmap.org/node/7314061868","6/18/2026","Auto-collected via OpenStreetMap Overpass — Bucks, Pennsylvania"
"Courtney Archery","retailer","Bucks","265 East Paletown Road, Quakertown, Pennsylvania, 18951","","","retailer","","","","","80","No","https://www.openstreetmap.org/node/7316192696","6/18/2026","Auto-collected via OpenStreetMap Overpass — Bucks, Pennsylvania"
"Target World Inc.","retailer","Bucks","529 West Butler Avenue, Chalfont, Pennsylvania, 18914","","","retailer","","","","","80","No","https://www.openstreetmap.org/way/264540578","6/18/2026","Auto-collected via OpenStreetMap Overpass — Bucks, Pennsylvania"
"Ridge & Valley Rod & Gun Club","retailer","Bucks","Bucks, Pennsylvania","","","retailer","","","","","80","No","https://www.openstreetmap.org/way/351734580","6/18/2026","Auto-collected via OpenStreetMap Overpass — Bucks, Pennsylvania"
"Authority Arms","retailer","Bucks","145 East Butler Avenue, Chalfont, Pennsylvania, 18914","","","retailer","","","","","80","No","https://www.openstreetmap.org/way/444559692","6/18/2026","Auto-collected via OpenStreetMap Overpass — Bucks, Pennsylvania"
"unofficial","range","Essex","Essex, New Jersey","","","range","","","","","80","No","https://www.openstreetmap.org/node/5759412270","6/18/2026","Auto-collected via OpenStreetMap Overpass — Essex, New Jersey"
"Range in Essex","range","Essex","Essex, New Jersey","","","range","","","","","80","No","https://www.openstreetmap.org/node/12247185719","6/18/2026","Auto-collected via OpenStreetMap Overpass — Essex, New Jersey"
"West Mountain Shooting Range","range","Essex","Essex, New Jersey","","","range","","","","","80","No","https://www.openstreetmap.org/way/1054812397","6/18/2026","Auto-collected via OpenStreetMap Overpass — Essex, New Jersey"
"unofficial","gun club","Essex","Essex, New Jersey","","","gun club","","","","","80","No","https://www.openstreetmap.org/node/5759412270","6/18/2026","Auto-collected via OpenStreetMap Overpass — Essex, New Jersey"
"Gun club in Essex","gun club","Essex","Essex, New Jersey","","","gun club","","","","","80","No","https://www.openstreetmap.org/node/12247185719","6/18/2026","Auto-collected via OpenStreetMap Overpass — Essex, New Jersey"
"West Mountain Shooting Range","gun club","Essex","Essex, New Jersey","","","gun club","","","","","80","No","https://www.openstreetmap.org/way/1054812397","6/18/2026","Auto-collected via OpenStreetMap Overpass — Essex, New Jersey"
"Patriot Firearms","retailer","Essex","77 Turnpike Rd, Ipswich, New Jersey, 01938","","","retailer","","","","","80","No","https://www.openstreetmap.org/node/11897170819","6/18/2026","Auto-collected via OpenStreetMap Overpass — Essex, New Jersey"
"Cedar Creek Sporting Clays","range","Hudson","Hudson, New Jersey","","","range","","","","","80","No","https://www.openstreetmap.org/node/2921201383","6/18/2026","Auto-collected via OpenStreetMap Overpass — Hudson, New Jersey"
"Millville WMA Public Ranges","range","Hudson","Hudson, New Jersey","","","range","","","","","80","No","https://www.openstreetmap.org/node/6833447914","6/18/2026","Auto-collected via OpenStreetMap Overpass — Hudson, New Jersey"
"Shore Shot Pistol Range","range","Hudson","730 Airport Road, Lakewood, New Jersey, 08701","","","range","","","","","80","No","https://www.openstreetmap.org/node/8846592889","6/18/2026","Auto-collected via OpenStreetMap Overpass — Hudson, New Jersey"
"Battle Star","range","Hudson","Hudson, New Jersey","","","range","","","","","80","No","https://www.openstreetmap.org/node/9556847217","6/18/2026","Auto-collected via OpenStreetMap Overpass — Hudson, New Jersey"
"RTSP - Range, Firearms & Training","range","Hudson","2438 US 22, Union, New Jersey, 07083","","","range","","","","","80","No","https://www.openstreetmap.org/node/13348015597","6/18/2026","Auto-collected via OpenStreetMap Overpass — Hudson, New Jersey"
"Pine Valley Gun Club","range","Hudson","Hudson, New Jersey","","","range","","","","","80","No","https://www.openstreetmap.org/way/40312968","6/18/2026","Auto-collected via OpenStreetMap Overpass — Hudson, New Jersey"
"Square Circle Sportsmen","range","Hudson","Hudson, New Jersey","","","range","","","","","80","No","https://www.openstreetmap.org/way/40320514","6/18/2026","Auto-collected via OpenStreetMap Overpass — Hudson, New Jersey"
"Range in Hudson","range","Hudson","Hudson, New Jersey","","","range","","","","","80","No","https://www.openstreetmap.org/way/40387002","6/18/2026","Auto-collected via OpenStreetMap Overpass — Hudson, New Jersey"
"Makepeace Lake WMA Shooting Range","range","Hudson","Hudson, New Jersey","","","range","","","","","80","No","https://www.openstreetmap.org/way/40528832","6/18/2026","Auto-collected via OpenStreetMap Overpass — Hudson, New Jersey"
"Thunder Mountain Shooting Range","range","Hudson","Hudson, New Jersey","","","range","","","","","80","No","https://www.openstreetmap.org/way/40720306","6/18/2026","Auto-collected via OpenStreetMap Overpass — Hudson, New Jersey"
"Field Sports Area","range","Hudson","Hudson, New Jersey","","","range","","","","","80","No","https://www.openstreetmap.org/way/231284290","6/18/2026","Auto-collected via OpenStreetMap Overpass — Hudson, New Jersey"
"Reloaderz NJ","range","Hudson","1813 NJ-23, Wayne, New Jersey, 07470","","","range","","","","","80","No","https://www.openstreetmap.org/way/239369244","6/18/2026","Auto-collected via OpenStreetMap Overpass — Hudson, New Jersey"
"Waldwick Pistol and Rifle Club","range","Hudson","Hudson, New Jersey","","","range","","","","","80","No","https://www.openstreetmap.org/way/678469319","6/18/2026","Auto-collected via OpenStreetMap Overpass — Hudson, New Jersey"
"Gun For Hire at The Woodland Park Range","range","Hudson","1267 McBride Avenue, Woodland Park, New Jersey, 07424","","","range","","","","","80","No","https://www.openstreetmap.org/way/717426685","6/18/2026","Auto-collected via OpenStreetMap Overpass — Hudson, New Jersey"
"Range 14","range","Hudson","Hudson, New Jersey","","","range","","","","","80","No","https://www.openstreetmap.org/way/757198275","6/18/2026","Auto-collected via OpenStreetMap Overpass — Hudson, New Jersey"
"We Shoot","range","Hudson","1955 Swarthmore Avenue, Lakewood Township, New Jersey, 6990","","","range","","","","","80","No","https://www.openstreetmap.org/way/888008707","6/18/2026","Auto-collected via OpenStreetMap Overpass — Hudson, New Jersey"
"Range","range","Hudson","Hudson, New Jersey","","","range","","","","","80","No","https://www.openstreetmap.org/way/1268791472","6/18/2026","Auto-collected via OpenStreetMap Overpass — Hudson, New Jersey"
"Mt. Royal Gun Club","range","Hudson","Hudson, New Jersey","","","range","","","","","80","No","https://www.openstreetmap.org/way/1286713327","6/18/2026","Auto-collected via OpenStreetMap Overpass — Hudson, New Jersey"
"Lou's Firearms","retailer","Hudson","91 West Somerset Street, Raritan, New Jersey, 08869","","","retailer","","","","","80","No","https://www.openstreetmap.org/node/5683463110","6/18/2026","Auto-collected via OpenStreetMap Overpass — Hudson, New Jersey"
"Skip's Outdoors","retailer","Hudson","8 Risler Street, Stockton, New Jersey, 08559","","","retailer","","","","","80","No","https://www.openstreetmap.org/node/6357027613","6/18/2026","Auto-collected via OpenStreetMap Overpass — Hudson, New Jersey"
"Tech Ops International","retailer","Hudson","Phillipsburg, New Jersey, 08865","","","retailer","","","","","80","No","https://www.openstreetmap.org/node/7417322521","6/18/2026","Auto-collected via OpenStreetMap Overpass — Hudson, New Jersey"
"Guns","retailer","Hudson","Hudson, New Jersey","","","retailer","","","","","80","No","https://www.openstreetmap.org/node/10998566198","6/18/2026","Auto-collected via OpenStreetMap Overpass — Hudson, New Jersey"
"Mastodon Ammo & Camo","retailer","Hudson","195 Highland Lakes Road, Highland Lakes, New Jersey, 07422","","","retailer","","","","","80","No","https://www.openstreetmap.org/node/11246320496","6/18/2026","Auto-collected via OpenStreetMap Overpass — Hudson, New Jersey"
"Retailer in Hudson","retailer","Hudson","Hudson, New Jersey","","","retailer","","","","","80","No","https://www.openstreetmap.org/node/11948606446","6/18/2026","Auto-collected via OpenStreetMap Overpass — Hudson, New Jersey"
"Jersey Devil Firearms","retailer","Hudson","1125 Atlantic Avenue, Atlantic City, New Jersey, 08401","","","retailer","","","","","80","No","https://www.openstreetmap.org/node/12675986312","6/18/2026","Auto-collected via OpenStreetMap Overpass — Hudson, New Jersey"
"Twin Armory LLC","retailer","Hudson","505 Saddle River Road, Saddle Brook, New Jersey, 07663","","","retailer","","","","","80","No","https://www.openstreetmap.org/node/12920009976","6/18/2026","Auto-collected via OpenStreetMap Overpass — Hudson, New Jersey"
"G&S Hunters","retailer","Hudson","Hudson, New Jersey","","","retailer","","","","","80","No","https://www.openstreetmap.org/way/379425948","6/18/2026","Auto-collected via OpenStreetMap Overpass — Hudson, New Jersey"
"Kulak Arms","retailer","Hudson","415 Lawrence Road, Lawrence Township, New Jersey, 08648","","","retailer","","","","","80","No","https://www.openstreetmap.org/way/513409176","6/18/2026","Auto-collected via OpenStreetMap Overpass — Hudson, New Jersey"
"Ottomanelli's Sporting Arms","retailer","Hudson","143 Route 4 West, Paramus, New Jersey, 07652","","","retailer","","","","","80","No","https://www.openstreetmap.org/way/612802674","6/18/2026","Auto-collected via OpenStreetMap Overpass — Hudson, New Jersey"
"Courses
                Browse training","retailer","Hudson","Hudson, New Jersey","","","retailer","","","","","55","Yes","https://www.tacticalcoursedirectory.com/courses","6/18/2026","Auto-collected via Tactical Course Directory — Hudson, New Jersey"
"Cedar Creek Sporting Clays","range","Hunterdon","Hunterdon, New Jersey","","","range","","","","","80","No","https://www.openstreetmap.org/node/2921201383","6/18/2026","Auto-collected via OpenStreetMap Overpass — Hunterdon, New Jersey"
"Millville WMA Public Ranges","range","Hunterdon","Hunterdon, New Jersey","","","range","","","","","80","No","https://www.openstreetmap.org/node/6833447914","6/18/2026","Auto-collected via OpenStreetMap Overpass — Hunterdon, New Jersey"
"Shore Shot Pistol Range","range","Hunterdon","730 Airport Road, Lakewood, New Jersey, 08701","","","range","","","","","80","No","https://www.openstreetmap.org/node/8846592889","6/18/2026","Auto-collected via OpenStreetMap Overpass — Hunterdon, New Jersey"
"RTSP - Range, Firearms & Training","range","Hunterdon","2438 US 22, Union, New Jersey, 07083","","","range","","","","","80","No","https://www.openstreetmap.org/node/13348015597","6/18/2026","Auto-collected via OpenStreetMap Overpass — Hunterdon, New Jersey"
"Pine Valley Gun Club","range","Hunterdon","Hunterdon, New Jersey","","","range","","","","","80","No","https://www.openstreetmap.org/way/40312968","6/18/2026","Auto-collected via OpenStreetMap Overpass — Hunterdon, New Jersey"
"Square Circle Sportsmen","range","Hunterdon","Hunterdon, New Jersey","","","range","","","","","80","No","https://www.openstreetmap.org/way/40320514","6/18/2026","Auto-collected via OpenStreetMap Overpass — Hunterdon, New Jersey"
"Range in Hunterdon","range","Hunterdon","Hunterdon, New Jersey","","","range","","","","","80","No","https://www.openstreetmap.org/way/40387002","6/18/2026","Auto-collected via OpenStreetMap Overpass — Hunterdon, New Jersey"
"Makepeace Lake WMA Shooting Range","range","Hunterdon","Hunterdon, New Jersey","","","range","","","","","80","No","https://www.openstreetmap.org/way/40528832","6/18/2026","Auto-collected via OpenStreetMap Overpass — Hunterdon, New Jersey"
"Thunder Mountain Shooting Range","range","Hunterdon","Hunterdon, New Jersey","","","range","","","","","80","No","https://www.openstreetmap.org/way/40720306","6/18/2026","Auto-collected via OpenStreetMap Overpass — Hunterdon, New Jersey"
"Field Sports Area","range","Hunterdon","Hunterdon, New Jersey","","","range","","","","","80","No","https://www.openstreetmap.org/way/231284290","6/18/2026","Auto-collected via OpenStreetMap Overpass — Hunterdon, New Jersey"
"Reloaderz NJ","range","Hunterdon","1813 NJ-23, Wayne, New Jersey, 07470","","","range","","","","","80","No","https://www.openstreetmap.org/way/239369244","6/18/2026","Auto-collected via OpenStreetMap Overpass — Hunterdon, New Jersey"
"Waldwick Pistol and Rifle Club","range","Hunterdon","Hunterdon, New Jersey","","","range","","","","","80","No","https://www.openstreetmap.org/way/678469319","6/18/2026","Auto-collected via OpenStreetMap Overpass — Hunterdon, New Jersey"
"Gun For Hire at The Woodland Park Range","range","Hunterdon","1267 McBride Avenue, Woodland Park, New Jersey, 07424","","","range","","","","","80","No","https://www.openstreetmap.org/way/717426685","6/18/2026","Auto-collected via OpenStreetMap Overpass — Hunterdon, New Jersey"
"Range 14","range","Hunterdon","Hunterdon, New Jersey","","","range","","","","","80","No","https://www.openstreetmap.org/way/757198275","6/18/2026","Auto-collected via OpenStreetMap Overpass — Hunterdon, New Jersey"
"We Shoot","range","Hunterdon","1955 Swarthmore Avenue, Lakewood Township, New Jersey, 6990","","","range","","","","","80","No","https://www.openstreetmap.org/way/888008707","6/18/2026","Auto-collected via OpenStreetMap Overpass — Hunterdon, New Jersey"
"Range","range","Hunterdon","Hunterdon, New Jersey","","","range","","","","","80","No","https://www.openstreetmap.org/way/1268791472","6/18/2026","Auto-collected via OpenStreetMap Overpass — Hunterdon, New Jersey"
"Mt. Royal Gun Club","range","Hunterdon","Hunterdon, New Jersey","","","range","","","","","80","No","https://www.openstreetmap.org/way/1286713327","6/18/2026","Auto-collected via OpenStreetMap Overpass — Hunterdon, New Jersey"
"Courses
                Browse training","range","Hunterdon","Hunterdon, New Jersey","","","range","","","","","55","Yes","https://www.tacticalcoursedirectory.com/courses","6/18/2026","Auto-collected via Tactical Course Directory — Hunterdon, New Jersey"
"Courses
                Browse training","private instructor","Hunterdon","Hunterdon, New Jersey","","","private instructor","","","","","55","Yes","https://www.tacticalcoursedirectory.com/courses","6/18/2026","Auto-collected via Tactical Course Directory — Hunterdon, New Jersey"
"Cedar Creek Sporting Clays","gun club","Hunterdon","Hunterdon, New Jersey","","","gun club","","","","","80","No","https://www.openstreetmap.org/node/2921201383","6/18/2026","Auto-collected via OpenStreetMap Overpass — Hunterdon, New Jersey"
"Millville WMA Public Ranges","gun club","Hunterdon","Hunterdon, New Jersey","","","gun club","","","","","80","No","https://www.openstreetmap.org/node/6833447914","6/18/2026","Auto-collected via OpenStreetMap Overpass — Hunterdon, New Jersey"
"Shore Shot Pistol Range","gun club","Hunterdon","730 Airport Road, Lakewood, New Jersey, 08701","","","gun club","","","","","80","No","https://www.openstreetmap.org/node/8846592889","6/18/2026","Auto-collected via OpenStreetMap Overpass — Hunterdon, New Jersey"
"RTSP - Range, Firearms & Training","gun club","Hunterdon","2438 US 22, Union, New Jersey, 07083","","","gun club","","","","","80","No","https://www.openstreetmap.org/node/13348015597","6/18/2026","Auto-collected via OpenStreetMap Overpass — Hunterdon, New Jersey"
"Pine Valley Gun Club","gun club","Hunterdon","Hunterdon, New Jersey","","","gun club","","","","","80","No","https://www.openstreetmap.org/way/40312968","6/18/2026","Auto-collected via OpenStreetMap Overpass — Hunterdon, New Jersey"
"Square Circle Sportsmen","gun club","Hunterdon","Hunterdon, New Jersey","","","gun club","","","","","80","No","https://www.openstreetmap.org/way/40320514","6/18/2026","Auto-collected via OpenStreetMap Overpass — Hunterdon, New Jersey"
"Gun club in Hunterdon","gun club","Hunterdon","Hunterdon, New Jersey","","","gun club","","","","","80","No","https://www.openstreetmap.org/way/40387002","6/18/2026","Auto-collected via OpenStreetMap Overpass — Hunterdon, New Jersey"
"Makepeace Lake WMA Shooting Range","gun club","Hunterdon","Hunterdon, New Jersey","","","gun club","","","","","80","No","https://www.openstreetmap.org/way/40528832","6/18/2026","Auto-collected via OpenStreetMap Overpass — Hunterdon, New Jersey"
"Thunder Mountain Shooting Range","gun club","Hunterdon","Hunterdon, New Jersey","","","gun club","","","","","80","No","https://www.openstreetmap.org/way/40720306","6/18/2026","Auto-collected via OpenStreetMap Overpass — Hunterdon, New Jersey"
"Field Sports Area","gun club","Hunterdon","Hunterdon, New Jersey","","","gun club","","","","","80","No","https://www.openstreetmap.org/way/231284290","6/18/2026","Auto-collected via OpenStreetMap Overpass — Hunterdon, New Jersey"
"Reloaderz NJ","gun club","Hunterdon","1813 NJ-23, Wayne, New Jersey, 07470","","","gun club","","","","","80","No","https://www.openstreetmap.org/way/239369244","6/18/2026","Auto-collected via OpenStreetMap Overpass — Hunterdon, New Jersey"
"Cherry Ridge Range","gun club","Hunterdon","Hunterdon, New Jersey","","","gun club","","","","","80","No","https://www.openstreetmap.org/way/398010531","6/18/2026","Auto-collected via OpenStreetMap Overpass — Hunterdon, New Jersey"
"Waldwick Pistol and Rifle Club","gun club","Hunterdon","Hunterdon, New Jersey","","","gun club","","","","","80","No","https://www.openstreetmap.org/way/678469319","6/18/2026","Auto-collected via OpenStreetMap Overpass — Hunterdon, New Jersey"
"Gun For Hire at The Woodland Park Range","gun club","Hunterdon","1267 McBride Avenue, Woodland Park, New Jersey, 07424","","","gun club","","","","","80","No","https://www.openstreetmap.org/way/717426685","6/18/2026","Auto-collected via OpenStreetMap Overpass — Hunterdon, New Jersey"
"Range 14","gun club","Hunterdon","Hunterdon, New Jersey","","","gun club","","","","","80","No","https://www.openstreetmap.org/way/757198275","6/18/2026","Auto-collected via OpenStreetMap Overpass — Hunterdon, New Jersey"
"We Shoot","gun club","Hunterdon","1955 Swarthmore Avenue, Lakewood Township, New Jersey, 6990","","","gun club","","","","","80","No","https://www.openstreetmap.org/way/888008707","6/18/2026","Auto-collected via OpenStreetMap Overpass — Hunterdon, New Jersey"
"Range","gun club","Hunterdon","Hunterdon, New Jersey","","","gun club","","","","","80","No","https://www.openstreetmap.org/way/1268791472","6/18/2026","Auto-collected via OpenStreetMap Overpass — Hunterdon, New Jersey"
"Mt. Royal Gun Club","gun club","Hunterdon","Hunterdon, New Jersey","","","gun club","","","","","80","No","https://www.openstreetmap.org/way/1286713327","6/18/2026","Auto-collected via OpenStreetMap Overpass — Hunterdon, New Jersey"
"Bullet Hole","gun club","Hunterdon","Hunterdon, New Jersey","","","gun club","","","","","80","No","https://www.openstreetmap.org/way/1319111167","6/18/2026","Auto-collected via OpenStreetMap Overpass — Hunterdon, New Jersey"
"Courses
                Browse training","gun club","Hunterdon","Hunterdon, New Jersey","","","gun club","","","","","55","Yes","https://www.tacticalcoursedirectory.com/courses","6/18/2026","Auto-collected via Tactical Course Directory — Hunterdon, New Jersey"
"Skip's Outdoors","retailer","Hunterdon","8 Risler Street, Stockton, New Jersey, 08559","","","retailer","","","","","80","No","https://www.openstreetmap.org/node/6357027613","6/18/2026","Auto-collected via OpenStreetMap Overpass — Hunterdon, New Jersey"
"Courses
                Browse training","retailer","Hunterdon","Hunterdon, New Jersey","","","retailer","","","","","55","Yes","https://www.tacticalcoursedirectory.com/courses","6/18/2026","Auto-collected via Tactical Course Directory — Hunterdon, New Jersey"
"Rifle and Shotgun Range","range","Mercer","Mercer, New Jersey","","","range","","","","","80","No","https://www.openstreetmap.org/way/295728777","6/18/2026","Auto-collected via OpenStreetMap Overpass — Mercer, New Jersey"
"Range in Mercer","range","Mercer","Mercer, New Jersey","","","range","","","","","80","No","https://www.openstreetmap.org/way/505100095","6/18/2026","Auto-collected via OpenStreetMap Overpass — Mercer, New Jersey"
"Trap House","range","Mercer","Mercer, New Jersey","","","range","","","","","80","No","https://www.openstreetmap.org/way/513482595","6/18/2026","Auto-collected via OpenStreetMap Overpass — Mercer, New Jersey"
"Rife Backstop","range","Mercer","Mercer, New Jersey","","","range","","","","","80","No","https://www.openstreetmap.org/way/513482596","6/18/2026","Auto-collected via OpenStreetMap Overpass — Mercer, New Jersey"
"Grove City Sportsmen Club","range","Mercer","97 Centertown Road, Grove City, New Jersey, 16127","","","range","","","","","80","No","https://www.openstreetmap.org/way/613051351","6/18/2026","Auto-collected via OpenStreetMap Overpass — Mercer, New Jersey"
"Courses
                Browse training","range","Mercer","Mercer, New Jersey","","","range","","","","","55","Yes","https://www.tacticalcoursedirectory.com/courses","6/18/2026","Auto-collected via Tactical Course Directory — Mercer, New Jersey"
"Courses
                Browse training","private instructor","Mercer","Mercer, New Jersey","","","private instructor","","","","","55","Yes","https://www.tacticalcoursedirectory.com/courses","6/18/2026","Auto-collected via Tactical Course Directory — Mercer, New Jersey"
"Rifle and Shotgun Range","gun club","Mercer","Mercer, New Jersey","","","gun club","","","","","80","No","https://www.openstreetmap.org/way/295728777","6/18/2026","Auto-collected via OpenStreetMap Overpass — Mercer, New Jersey"
"Gun club in Mercer","gun club","Mercer","Mercer, New Jersey","","","gun club","","","","","80","No","https://www.openstreetmap.org/way/505100095","6/18/2026","Auto-collected via OpenStreetMap Overpass — Mercer, New Jersey"
"Trap House","gun club","Mercer","Mercer, New Jersey","","","gun club","","","","","80","No","https://www.openstreetmap.org/way/513482595","6/18/2026","Auto-collected via OpenStreetMap Overpass — Mercer, New Jersey"
"Rife Backstop","gun club","Mercer","Mercer, New Jersey","","","gun club","","","","","80","No","https://www.openstreetmap.org/way/513482596","6/18/2026","Auto-collected via OpenStreetMap Overpass — Mercer, New Jersey"
"Grove City Sportsmen Club","gun club","Mercer","97 Centertown Road, Grove City, New Jersey, 16127","","","gun club","","","","","80","No","https://www.openstreetmap.org/way/613051351","6/18/2026","Auto-collected via OpenStreetMap Overpass — Mercer, New Jersey"
"Courses
                Browse training","gun club","Mercer","Mercer, New Jersey","","","gun club","","","","","55","Yes","https://www.tacticalcoursedirectory.com/courses","6/18/2026","Auto-collected via Tactical Course Directory — Mercer, New Jersey"
"Altra Firearms","retailer","Mercer","782 South Hazzard Road, Jackson Center, New Jersey, 16133","","","retailer","","","","","80","No","https://www.openstreetmap.org/node/4931374124","6/18/2026","Auto-collected via OpenStreetMap Overpass — Mercer, New Jersey"
"Kulak Arms","retailer","Mercer","415 Lawrence Road, Lawrence Township, New Jersey, 08648","","","retailer","","","","","80","No","https://www.openstreetmap.org/way/513409176","6/18/2026","Auto-collected via OpenStreetMap Overpass — Mercer, New Jersey"
"Griffin Arms","retailer","Mercer","Mercer, New Jersey","","","retailer","","","","","80","No","https://www.openstreetmap.org/way/733434559","6/18/2026","Auto-collected via OpenStreetMap Overpass — Mercer, New Jersey"
"The Gun Store","retailer","Mercer","Sharon-Mercer Road, Mercer, New Jersey, 16137","","","retailer","","","","","80","No","https://www.openstreetmap.org/way/953827019","6/18/2026","Auto-collected via OpenStreetMap Overpass — Mercer, New Jersey"
"Morris Muzzleloading & Sporting Goods","retailer","Mercer","Mercer, New Jersey","","","retailer","","","","","80","No","https://www.openstreetmap.org/way/973103462","6/18/2026","Auto-collected via OpenStreetMap Overpass — Mercer, New Jersey"
"Grand Lake Guns","retailer","Mercer","122 Hamilton Street, Celina, New Jersey, 45822","","","retailer","","","","","80","No","https://www.openstreetmap.org/way/1288212581","6/18/2026","Auto-collected via OpenStreetMap Overpass — Mercer, New Jersey"
"Courses
                Browse training","retailer","Mercer","Mercer, New Jersey","","","retailer","","","","","55","Yes","https://www.tacticalcoursedirectory.com/courses","6/18/2026","Auto-collected via Tactical Course Directory — Mercer, New Jersey"
"Tepee Archery & Supply","range","Middlesex","Middlesex, New Jersey","","","range","","","","","80","No","https://www.openstreetmap.org/node/2488917718","6/18/2026","Auto-collected via OpenStreetMap Overpass — Middlesex, New Jersey"
"Mass Firearms School Indoor Range","range","Middlesex","100 Kuniholm Drive, Holliston, New Jersey, 01746","","","range","","","","","80","No","https://www.openstreetmap.org/node/13418988917","6/18/2026","Auto-collected via OpenStreetMap Overpass — Middlesex, New Jersey"
"Hopkinton Sportsman Assoc.","range","Middlesex","Middlesex, New Jersey","","","range","","","","","80","No","https://www.openstreetmap.org/way/29762045","6/18/2026","Auto-collected via OpenStreetMap Overpass — Middlesex, New Jersey"
"Littleton Sportsman Club","range","Middlesex","Middlesex, New Jersey","","","range","","","","","80","No","https://www.openstreetmap.org/way/29777275","6/18/2026","Auto-collected via OpenStreetMap Overpass — Middlesex, New Jersey"
"Mystic Valley Gun Club","range","Middlesex","146 Canal Street, Malden, New Jersey, 02148","","","range","","","","","80","No","https://www.openstreetmap.org/way/29862386","6/18/2026","Auto-collected via OpenStreetMap Overpass — Middlesex, New Jersey"
"Skeet","range","Middlesex","Middlesex, New Jersey","","","range","","","","","80","No","https://www.openstreetmap.org/way/48761939","6/18/2026","Auto-collected via OpenStreetMap Overpass — Middlesex, New Jersey"
"Mass Firearms","range","Middlesex","100 Kuniholm Drive, Holliston, New Jersey, 01746","","","range","","","","","80","No","https://www.openstreetmap.org/way/213611251","6/18/2026","Auto-collected via OpenStreetMap Overpass — Middlesex, New Jersey"
"Range in Middlesex","range","Middlesex","Middlesex, New Jersey","","","range","","","","","80","No","https://www.openstreetmap.org/way/411098057","6/18/2026","Auto-collected via OpenStreetMap Overpass — Middlesex, New Jersey"
"Rifle Ranges","range","Middlesex","Middlesex, New Jersey","","","range","","","","","80","No","https://www.openstreetmap.org/way/412223153","6/18/2026","Auto-collected via OpenStreetMap Overpass — Middlesex, New Jersey"
"Trap Range","range","Middlesex","Middlesex, New Jersey","","","range","","","","","80","No","https://www.openstreetmap.org/way/412223154","6/18/2026","Auto-collected via OpenStreetMap Overpass — Middlesex, New Jersey"
"Tepee Archery & Supply","gun club","Middlesex","Middlesex, New Jersey","","","gun club","","","","","80","No","https://www.openstreetmap.org/node/2488917718","6/18/2026","Auto-collected via OpenStreetMap Overpass — Middlesex, New Jersey"
"Mass Firearms School Indoor Range","gun club","Middlesex","100 Kuniholm Drive, Holliston, New Jersey, 01746","","","gun club","","","","","80","No","https://www.openstreetmap.org/node/13418988917","6/18/2026","Auto-collected via OpenStreetMap Overpass — Middlesex, New Jersey"
"Hopkinton Sportsman Assoc.","gun club","Middlesex","Middlesex, New Jersey","","","gun club","","","","","80","No","https://www.openstreetmap.org/way/29762045","6/18/2026","Auto-collected via OpenStreetMap Overpass — Middlesex, New Jersey"
"Littleton Sportsman Club","gun club","Middlesex","Middlesex, New Jersey","","","gun club","","","","","80","No","https://www.openstreetmap.org/way/29777275","6/18/2026","Auto-collected via OpenStreetMap Overpass — Middlesex, New Jersey"
"Mystic Valley Gun Club","gun club","Middlesex","146 Canal Street, Malden, New Jersey, 02148","","","gun club","","","","","80","No","https://www.openstreetmap.org/way/29862386","6/18/2026","Auto-collected via OpenStreetMap Overpass — Middlesex, New Jersey"
"Skeet","gun club","Middlesex","Middlesex, New Jersey","","","gun club","","","","","80","No","https://www.openstreetmap.org/way/48761939","6/18/2026","Auto-collected via OpenStreetMap Overpass — Middlesex, New Jersey"
"Mass Firearms","gun club","Middlesex","100 Kuniholm Drive, Holliston, New Jersey, 01746","","","gun club","","","","","80","No","https://www.openstreetmap.org/way/213611251","6/18/2026","Auto-collected via OpenStreetMap Overpass — Middlesex, New Jersey"
"Gun club in Middlesex","gun club","Middlesex","Middlesex, New Jersey","","","gun club","","","","","80","No","https://www.openstreetmap.org/way/411098057","6/18/2026","Auto-collected via OpenStreetMap Overpass — Middlesex, New Jersey"
"Rifle Ranges","gun club","Middlesex","Middlesex, New Jersey","","","gun club","","","","","80","No","https://www.openstreetmap.org/way/412223153","6/18/2026","Auto-collected via OpenStreetMap Overpass — Middlesex, New Jersey"
"Trap Range","gun club","Middlesex","Middlesex, New Jersey","","","gun club","","","","","80","No","https://www.openstreetmap.org/way/412223154","6/18/2026","Auto-collected via OpenStreetMap Overpass — Middlesex, New Jersey"
"Mass Firearms Shop","retailer","Middlesex","100 Kuniholm Drive, Holliston, New Jersey, 01746","","","retailer","","","","","80","No","https://www.openstreetmap.org/node/13418993919","6/18/2026","Auto-collected via OpenStreetMap Overpass — Middlesex, New Jersey"
"Retailer in Middlesex","retailer","Middlesex","Middlesex, New Jersey","","","retailer","","","","","80","No","https://www.openstreetmap.org/way/1389951859","6/18/2026","Auto-collected via OpenStreetMap Overpass — Middlesex, New Jersey"
"Range in Monmouth","range","Monmouth","Monmouth, New Jersey","","","range","","","","","80","No","https://www.openstreetmap.org/way/1319720429","6/18/2026","Auto-collected via OpenStreetMap Overpass — Monmouth, New Jersey"
"Gun club in Monmouth","gun club","Monmouth","Monmouth, New Jersey","","","gun club","","","","","80","No","https://www.openstreetmap.org/way/1319720429","6/18/2026","Auto-collected via OpenStreetMap Overpass — Monmouth, New Jersey"
"Lou's Firearms","retailer","Monmouth","91 West Somerset Street, Raritan, New Jersey, 08869","","","retailer","","","","","80","No","https://www.openstreetmap.org/node/5683463110","6/18/2026","Auto-collected via OpenStreetMap Overpass — Monmouth, New Jersey"
"Skip's Outdoors","retailer","Monmouth","8 Risler Street, Stockton, New Jersey, 08559","","","retailer","","","","","80","No","https://www.openstreetmap.org/node/6357027613","6/18/2026","Auto-collected via OpenStreetMap Overpass — Monmouth, New Jersey"
"Tech Ops International","retailer","Monmouth","Phillipsburg, New Jersey, 08865","","","retailer","","","","","80","No","https://www.openstreetmap.org/node/7417322521","6/18/2026","Auto-collected via OpenStreetMap Overpass — Monmouth, New Jersey"
"Guns","retailer","Monmouth","Monmouth, New Jersey","","","retailer","","","","","80","No","https://www.openstreetmap.org/node/10998566198","6/18/2026","Auto-collected via OpenStreetMap Overpass — Monmouth, New Jersey"
"Mastodon Ammo & Camo","retailer","Monmouth","195 Highland Lakes Road, Highland Lakes, New Jersey, 07422","","","retailer","","","","","80","No","https://www.openstreetmap.org/node/11246320496","6/18/2026","Auto-collected via OpenStreetMap Overpass — Monmouth, New Jersey"
"Retailer in Monmouth","retailer","Monmouth","Monmouth, New Jersey","","","retailer","","","","","80","No","https://www.openstreetmap.org/node/11948606446","6/18/2026","Auto-collected via OpenStreetMap Overpass — Monmouth, New Jersey"
"Jersey Devil Firearms","retailer","Monmouth","1125 Atlantic Avenue, Atlantic City, New Jersey, 08401","","","retailer","","","","","80","No","https://www.openstreetmap.org/node/12675986312","6/18/2026","Auto-collected via OpenStreetMap Overpass — Monmouth, New Jersey"
"Twin Armory LLC","retailer","Monmouth","505 Saddle River Road, Saddle Brook, New Jersey, 07663","","","retailer","","","","","80","No","https://www.openstreetmap.org/node/12920009976","6/18/2026","Auto-collected via OpenStreetMap Overpass — Monmouth, New Jersey"
"G&S Hunters","retailer","Monmouth","Monmouth, New Jersey","","","retailer","","","","","80","No","https://www.openstreetmap.org/way/379425948","6/18/2026","Auto-collected via OpenStreetMap Overpass — Monmouth, New Jersey"
"Kulak Arms","retailer","Monmouth","415 Lawrence Road, Lawrence Township, New Jersey, 08648","","","retailer","","","","","80","No","https://www.openstreetmap.org/way/513409176","6/18/2026","Auto-collected via OpenStreetMap Overpass — Monmouth, New Jersey"
"Ottomanelli's Sporting Arms","retailer","Monmouth","143 Route 4 West, Paramus, New Jersey, 07652","","","retailer","","","","","80","No","https://www.openstreetmap.org/way/612802674","6/18/2026","Auto-collected via OpenStreetMap Overpass — Monmouth, New Jersey"
"Range in Morris","range","Morris","Morris, New Jersey","","","range","","","","","80","No","https://www.openstreetmap.org/way/1333615119","6/18/2026","Auto-collected via OpenStreetMap Overpass — Morris, New Jersey"
"Courses
                Browse training","range","Morris","Morris, New Jersey","","","range","","","","","55","Yes","https://www.tacticalcoursedirectory.com/courses","6/18/2026","Auto-collected via Tactical Course Directory — Morris, New Jersey"
"Courses
                Browse training","private instructor","Morris","Morris, New Jersey","","","private instructor","","","","","55","Yes","https://www.tacticalcoursedirectory.com/courses","6/18/2026","Auto-collected via Tactical Course Directory — Morris, New Jersey"
"Gun club in Morris","gun club","Morris","Morris, New Jersey","","","gun club","","","","","80","No","https://www.openstreetmap.org/way/1333615119","6/18/2026","Auto-collected via OpenStreetMap Overpass — Morris, New Jersey"
"Courses
                Browse training","gun club","Morris","Morris, New Jersey","","","gun club","","","","","55","Yes","https://www.tacticalcoursedirectory.com/courses","6/18/2026","Auto-collected via Tactical Course Directory — Morris, New Jersey"
"Courses
                Browse training","retailer","Morris","Morris, New Jersey","","","retailer","","","","","55","Yes","https://www.tacticalcoursedirectory.com/courses","6/18/2026","Auto-collected via Tactical Course Directory — Morris, New Jersey"
"Courses
                Browse training","private instructor","Northampton","Northampton, Pennsylvania","","","private instructor","","","","","55","Yes","https://www.tacticalcoursedirectory.com/courses","6/18/2026","Auto-collected via Tactical Course Directory — Northampton, Pennsylvania"
"Steel City Gun Club","gun club","Northampton","Northampton, Pennsylvania","","","gun club","","","","","80","No","https://www.openstreetmap.org/node/6903946194","6/18/2026","Auto-collected via OpenStreetMap Overpass — Northampton, Pennsylvania"
"Lower Nazareth Rod & Gun Club","gun club","Northampton","Georgetown Road, Northampton, Pennsylvania","","","gun club","","","","","80","No","https://www.openstreetmap.org/node/11512070072","6/18/2026","Auto-collected via OpenStreetMap Overpass — Northampton, Pennsylvania"
"The Heritage Guild","gun club","Northampton","Northampton, Pennsylvania","","","gun club","","","","","80","No","https://www.openstreetmap.org/way/320109402","6/18/2026","Auto-collected via OpenStreetMap Overpass — Northampton, Pennsylvania"
"Easton Fish and Game","gun club","Northampton","Northampton, Pennsylvania","","","gun club","","","","","80","No","https://www.openstreetmap.org/way/347272440","6/18/2026","Auto-collected via OpenStreetMap Overpass — Northampton, Pennsylvania"
"Hellertown Sportsmen's Association","gun club","Northampton","Northampton, Pennsylvania","","","gun club","","","","","80","No","https://www.openstreetmap.org/way/347289524","6/18/2026","Auto-collected via OpenStreetMap Overpass — Northampton, Pennsylvania"
"Gun club in Northampton","gun club","Northampton","Northampton, Pennsylvania","","","gun club","","","","","80","No","https://www.openstreetmap.org/way/737415823","6/18/2026","Auto-collected via OpenStreetMap Overpass — Northampton, Pennsylvania"
"Blue Ridge Rod & Gun Club","gun club","Northampton","4815 Maple Drive, Walnutport, Pennsylvania, 18088","","","gun club","","","","","80","No","https://www.openstreetmap.org/way/1239549403","6/18/2026","Auto-collected via OpenStreetMap Overpass — Northampton, Pennsylvania"
"Courses
                Browse training","gun club","Northampton","Northampton, Pennsylvania","","","gun club","","","","","55","Yes","https://www.tacticalcoursedirectory.com/courses","6/18/2026","Auto-collected via Tactical Course Directory — Northampton, Pennsylvania"
"C & D Guns, Coins & Antiques","retailer","Northampton","231 East Broad Street, Bethlehem, Pennsylvania, 18018","","","retailer","","","","","80","No","https://www.openstreetmap.org/node/6221940189","6/18/2026","Auto-collected via OpenStreetMap Overpass — Northampton, Pennsylvania"
"Pocono Slate Belt Shooting Association","retailer","Northampton","744 Lake Minsi Drive, Northampton, Pennsylvania","","","retailer","","","","","80","No","https://www.openstreetmap.org/node/8725546856","6/18/2026","Auto-collected via OpenStreetMap Overpass — Northampton, Pennsylvania"
"Tech Ops International Gun Shop","retailer","Northampton","Northampton, Pennsylvania","","","retailer","","","","","80","No","https://www.openstreetmap.org/node/10616780374","6/18/2026","Auto-collected via OpenStreetMap Overpass — Northampton, Pennsylvania"
"NJT Arms","retailer","Northampton","Northampton, Pennsylvania","","","retailer","","","","","80","No","https://www.openstreetmap.org/node/13111143701","6/18/2026","Auto-collected via OpenStreetMap Overpass — Northampton, Pennsylvania"
"Locked and Loaded Sporting Goods","retailer","Northampton","201 West Main Street, Conway, Pennsylvania, 27820","","","retailer","","","","","80","No","https://www.openstreetmap.org/way/1256543266","6/18/2026","Auto-collected via OpenStreetMap Overpass — Northampton, Pennsylvania"
"Northampton Firearms","retailer","Northampton","21230 North Bayside Road, Cheriton, Pennsylvania, 23316","","","retailer","","","","","80","No","https://www.openstreetmap.org/way/1444658681","6/18/2026","Auto-collected via OpenStreetMap Overpass — Northampton, Pennsylvania"
"Courses
                Browse training","retailer","Northampton","Northampton, Pennsylvania","","","retailer","","","","","55","Yes","https://www.tacticalcoursedirectory.com/courses","6/18/2026","Auto-collected via Tactical Course Directory — Northampton, Pennsylvania"
"Thunder Mountain Shooting Range","range","Passaic","Passaic, New Jersey","","","range","","","","","80","No","https://www.openstreetmap.org/way/40720306","6/18/2026","Auto-collected via OpenStreetMap Overpass — Passaic, New Jersey"
"Reloaderz NJ","range","Passaic","1813 NJ-23, Wayne, New Jersey, 07470","","","range","","","","","80","No","https://www.openstreetmap.org/way/239369244","6/18/2026","Auto-collected via OpenStreetMap Overpass — Passaic, New Jersey"
"Range in Passaic","range","Passaic","41+75 Barbour Pond Drive, Wayne, New Jersey, 07470","","","range","","","","","80","No","https://www.openstreetmap.org/way/588524036","6/18/2026","Auto-collected via OpenStreetMap Overpass — Passaic, New Jersey"
"Gun For Hire at The Woodland Park Range","range","Passaic","1267 McBride Avenue, Woodland Park, New Jersey, 07424","","","range","","","","","80","No","https://www.openstreetmap.org/way/717426685","6/18/2026","Auto-collected via OpenStreetMap Overpass — Passaic, New Jersey"
"Thunder Mountain Shooting Range","gun club","Passaic","Passaic, New Jersey","","","gun club","","","","","80","No","https://www.openstreetmap.org/way/40720306","6/18/2026","Auto-collected via OpenStreetMap Overpass — Passaic, New Jersey"
"Reloaderz NJ","gun club","Passaic","1813 NJ-23, Wayne, New Jersey, 07470","","","gun club","","","","","80","No","https://www.openstreetmap.org/way/239369244","6/18/2026","Auto-collected via OpenStreetMap Overpass — Passaic, New Jersey"
"Gun club in Passaic","gun club","Passaic","41+75 Barbour Pond Drive, Wayne, New Jersey, 07470","","","gun club","","","","","80","No","https://www.openstreetmap.org/way/588524036","6/18/2026","Auto-collected via OpenStreetMap Overpass — Passaic, New Jersey"
"Gun For Hire at The Woodland Park Range","gun club","Passaic","1267 McBride Avenue, Woodland Park, New Jersey, 07424","","","gun club","","","","","80","No","https://www.openstreetmap.org/way/717426685","6/18/2026","Auto-collected via OpenStreetMap Overpass — Passaic, New Jersey"
"G&S Hunters","retailer","Passaic","Passaic, New Jersey","","","retailer","","","","","80","No","https://www.openstreetmap.org/way/379425948","6/18/2026","Auto-collected via OpenStreetMap Overpass — Passaic, New Jersey"
"Courses
                Browse training","retailer","Passaic","Passaic, New Jersey","","","retailer","","","","","55","Yes","https://www.tacticalcoursedirectory.com/courses","6/18/2026","Auto-collected via Tactical Course Directory — Passaic, New Jersey"
"Range in Somerset","range","Somerset","Somerset, New Jersey","","","range","","","","","80","No","https://www.openstreetmap.org/way/1484239012","6/18/2026","Auto-collected via OpenStreetMap Overpass — Somerset, New Jersey"
"Courses
                Browse training","range","Somerset","Somerset, New Jersey","","","range","","","","","55","Yes","https://www.tacticalcoursedirectory.com/courses","6/18/2026","Auto-collected via Tactical Course Directory — Somerset, New Jersey"
"Courses
                Browse training","private instructor","Somerset","Somerset, New Jersey","","","private instructor","","","","","55","Yes","https://www.tacticalcoursedirectory.com/courses","6/18/2026","Auto-collected via Tactical Course Directory — Somerset, New Jersey"
"Gun club in Somerset","gun club","Somerset","Somerset, New Jersey","","","gun club","","","","","80","No","https://www.openstreetmap.org/way/1484239012","6/18/2026","Auto-collected via OpenStreetMap Overpass — Somerset, New Jersey"
"Courses
                Browse training","gun club","Somerset","Somerset, New Jersey","","","gun club","","","","","55","Yes","https://www.tacticalcoursedirectory.com/courses","6/18/2026","Auto-collected via Tactical Course Directory — Somerset, New Jersey"
"Pine State Armory","retailer","Somerset","98 Madison Avenue, Skowhegan, New Jersey, 04976","","","retailer","","","","","80","No","https://www.openstreetmap.org/node/2834277434","6/18/2026","Auto-collected via OpenStreetMap Overpass — Somerset, New Jersey"
"Lou's Firearms","retailer","Somerset","91 West Somerset Street, Raritan, New Jersey, 08869","","","retailer","","","","","80","No","https://www.openstreetmap.org/node/5683463110","6/18/2026","Auto-collected via OpenStreetMap Overpass — Somerset, New Jersey"
"Courses
                Browse training","retailer","Somerset","Somerset, New Jersey","","","retailer","","","","","55","Yes","https://www.tacticalcoursedirectory.com/courses","6/18/2026","Auto-collected via Tactical Course Directory — Somerset, New Jersey"
"Gun club in Sussex","gun club","Sussex","Sussex, New Jersey","","","gun club","","","","","80","No","https://www.openstreetmap.org/way/967150135","6/18/2026","Auto-collected via OpenStreetMap Overpass — Sussex, New Jersey"
"Range","gun club","Sussex","Sussex, New Jersey","","","gun club","","","","","80","No","https://www.openstreetmap.org/way/1268791472","6/18/2026","Auto-collected via OpenStreetMap Overpass — Sussex, New Jersey"
"Furnishings Plus Nana's Nook","retailer","Sussex","36621 Bi State Boulevard, Delmar, New Jersey, 19940","","","retailer","","","","","80","No","https://www.openstreetmap.org/node/7228399108","6/18/2026","Auto-collected via OpenStreetMap Overpass — Sussex, New Jersey"
"Mastodon Ammo & Camo","retailer","Sussex","195 Highland Lakes Road, Highland Lakes, New Jersey, 07422","","","retailer","","","","","80","No","https://www.openstreetmap.org/node/11246320496","6/18/2026","Auto-collected via OpenStreetMap Overpass — Sussex, New Jersey"
"Gunshooter Enterprises","retailer","Sussex","240 Main Street, Millsboro, New Jersey, 19966","","","retailer","","","","","80","No","https://www.openstreetmap.org/way/469838945","6/18/2026","Auto-collected via OpenStreetMap Overpass — Sussex, New Jersey"
"Firing Distance","retailer","Sussex","7503 Federalsburg Road, Bridgeville, New Jersey, 19933","","","retailer","","","","","80","No","https://www.openstreetmap.org/way/971256601","6/18/2026","Auto-collected via OpenStreetMap Overpass — Sussex, New Jersey"
"RTSP - Range, Firearms & Training","range","Union","2438 US 22, Union, New Jersey, 07083","","","range","","","","","80","No","https://www.openstreetmap.org/node/13348015597","6/18/2026","Auto-collected via OpenStreetMap Overpass — Union, New Jersey"
"Range in Union","range","Union","Union, New Jersey","","","range","","","","","80","No","https://www.openstreetmap.org/way/360152578","6/18/2026","Auto-collected via OpenStreetMap Overpass — Union, New Jersey"
"Fairforest Rifle Range","range","Union","Union, New Jersey, 29379","","","range","","","","","80","No","https://www.openstreetmap.org/way/1125304297","6/18/2026","Auto-collected via OpenStreetMap Overpass — Union, New Jersey"
"Union County Sportsman's Club Shooting Range","range","Union","Union, New Jersey","","","range","","","","","80","No","https://www.openstreetmap.org/way/1181237360","6/18/2026","Auto-collected via OpenStreetMap Overpass — Union, New Jersey"
"Rifle Range","range","Union","Union, New Jersey","","","range","","","","","80","No","https://www.openstreetmap.org/way/1324352877","6/18/2026","Auto-collected via OpenStreetMap Overpass — Union, New Jersey"
"Shotgun Range","range","Union","Union, New Jersey","","","range","","","","","80","No","https://www.openstreetmap.org/way/1324364834","6/18/2026","Auto-collected via OpenStreetMap Overpass — Union, New Jersey"
"Courses
                Browse training","range","Union","Union, New Jersey","","","range","","","","","55","Yes","https://www.tacticalcoursedirectory.com/courses","6/18/2026","Auto-collected via Tactical Course Directory — Union, New Jersey"
"Courses
                Browse training","private instructor","Union","Union, New Jersey","","","private instructor","","","","","55","Yes","https://www.tacticalcoursedirectory.com/courses","6/18/2026","Auto-collected via Tactical Course Directory — Union, New Jersey"
"RTSP - Range, Firearms & Training","gun club","Union","2438 US 22, Union, New Jersey, 07083","","","gun club","","","","","80","No","https://www.openstreetmap.org/node/13348015597","6/18/2026","Auto-collected via OpenStreetMap Overpass — Union, New Jersey"
"Gun club in Union","gun club","Union","Union, New Jersey","","","gun club","","","","","80","No","https://www.openstreetmap.org/way/360152578","6/18/2026","Auto-collected via OpenStreetMap Overpass — Union, New Jersey"
"Fairforest Rifle Range","gun club","Union","Union, New Jersey, 29379","","","gun club","","","","","80","No","https://www.openstreetmap.org/way/1125304297","6/18/2026","Auto-collected via OpenStreetMap Overpass — Union, New Jersey"
"Union County Sportsman's Club Shooting Range","gun club","Union","Union, New Jersey","","","gun club","","","","","80","No","https://www.openstreetmap.org/way/1181237360","6/18/2026","Auto-collected via OpenStreetMap Overpass — Union, New Jersey"
"Rifle Range","gun club","Union","Union, New Jersey","","","gun club","","","","","80","No","https://www.openstreetmap.org/way/1324352877","6/18/2026","Auto-collected via OpenStreetMap Overpass — Union, New Jersey"
"Shotgun Range","gun club","Union","Union, New Jersey","","","gun club","","","","","80","No","https://www.openstreetmap.org/way/1324364834","6/18/2026","Auto-collected via OpenStreetMap Overpass — Union, New Jersey"
"Courses
                Browse training","gun club","Union","Union, New Jersey","","","gun club","","","","","55","Yes","https://www.tacticalcoursedirectory.com/courses","6/18/2026","Auto-collected via Tactical Course Directory — Union, New Jersey"
"iPatriot","retailer","Union","Union, New Jersey","","","retailer","","","","","80","No","https://www.openstreetmap.org/node/9137518095","6/18/2026","Auto-collected via OpenStreetMap Overpass — Union, New Jersey"
"Retailer in Union","retailer","Union","Union, New Jersey","","","retailer","","","","","80","No","https://www.openstreetmap.org/node/12351229280","6/18/2026","Auto-collected via OpenStreetMap Overpass — Union, New Jersey"
"Brushy Fork Armory","retailer","Union","Union, New Jersey","","","retailer","","","","","80","No","https://www.openstreetmap.org/way/1216898897","6/18/2026","Auto-collected via OpenStreetMap Overpass — Union, New Jersey"
"J&J Ohio Trading Post","retailer","Union","27 North Franklin Street, Richwood, New Jersey, 43344","","","retailer","","","","","80","No","https://www.openstreetmap.org/way/1474233072","6/18/2026","Auto-collected via OpenStreetMap Overpass — Union, New Jersey"
"Courses
                Browse training","retailer","Union","Union, New Jersey","","","retailer","","","","","55","Yes","https://www.tacticalcoursedirectory.com/courses","6/18/2026","Auto-collected via Tactical Course Directory — Union, New Jersey"
"Dunham's Bay Fish and Game Club","range","Warren","Warren, New Jersey","","","range","","","","","80","No","https://www.openstreetmap.org/node/1967750261","6/18/2026","Auto-collected via OpenStreetMap Overpass — Warren, New Jersey"
"Banner Shooting Range","range","Warren","Warren, New Jersey","","","range","","","","","80","No","https://www.openstreetmap.org/node/9448234769","6/18/2026","Auto-collected via OpenStreetMap Overpass — Warren, New Jersey"
"Range in Warren","range","Warren","Warren, New Jersey","","","range","","","","","80","No","https://www.openstreetmap.org/way/186076366","6/18/2026","Auto-collected via OpenStreetMap Overpass — Warren, New Jersey"
"Field Sports Area","range","Warren","Warren, New Jersey","","","range","","","","","80","No","https://www.openstreetmap.org/way/231284290","6/18/2026","Auto-collected via OpenStreetMap Overpass — Warren, New Jersey"
"Reifsnider Shooting Range","range","Warren","Warren, New Jersey","","","range","","","","","80","No","https://www.openstreetmap.org/way/556378854","6/18/2026","Auto-collected via OpenStreetMap Overpass — Warren, New Jersey"
"Frontline Defense Firearms Training Center and Range","range","Warren","1060 Ernest Turner Road, Wendell, New Jersey, 27591","","","range","","","","","80","No","https://www.openstreetmap.org/way/964169955","6/18/2026","Auto-collected via OpenStreetMap Overpass — Warren, New Jersey"
"Courses
                Browse training","range","Warren","Warren, New Jersey","","","range","","","","","55","Yes","https://www.tacticalcoursedirectory.com/courses","6/18/2026","Auto-collected via Tactical Course Directory — Warren, New Jersey"
"Courses
                Browse training","private instructor","Warren","Warren, New Jersey","","","private instructor","","","","","55","Yes","https://www.tacticalcoursedirectory.com/courses","6/18/2026","Auto-collected via Tactical Course Directory — Warren, New Jersey"
"Dunham's Bay Fish and Game Club","gun club","Warren","Warren, New Jersey","","","gun club","","","","","80","No","https://www.openstreetmap.org/node/1967750261","6/18/2026","Auto-collected via OpenStreetMap Overpass — Warren, New Jersey"
"Gun club in Warren","gun club","Warren","Warren, New Jersey","","","gun club","","","","","80","No","https://www.openstreetmap.org/way/186076366","6/18/2026","Auto-collected via OpenStreetMap Overpass — Warren, New Jersey"
"Field Sports Area","gun club","Warren","Warren, New Jersey","","","gun club","","","","","80","No","https://www.openstreetmap.org/way/231284290","6/18/2026","Auto-collected via OpenStreetMap Overpass — Warren, New Jersey"
"Reifsnider Shooting Range","gun club","Warren","Warren, New Jersey","","","gun club","","","","","80","No","https://www.openstreetmap.org/way/556378854","6/18/2026","Auto-collected via OpenStreetMap Overpass — Warren, New Jersey"
"Frontline Defense Firearms Training Center and Range","gun club","Warren","1060 Ernest Turner Road, Wendell, New Jersey, 27591","","","gun club","","","","","80","No","https://www.openstreetmap.org/way/964169955","6/18/2026","Auto-collected via OpenStreetMap Overpass — Warren, New Jersey"
"Courses
                Browse training","gun club","Warren","Warren, New Jersey","","","gun club","","","","","55","Yes","https://www.tacticalcoursedirectory.com/courses","6/18/2026","Auto-collected via Tactical Course Directory — Warren, New Jersey"
"Courses
                Browse training","retailer","Warren","Warren, New Jersey","","","retailer","","","","","55","Yes","https://www.tacticalcoursedirectory.com/courses","6/18/2026","Auto-collected via Tactical Course Directory — Warren, New Jersey"